file,label
_0_forward\1682474479.253557.png,0
_0_forward\1682474479.347315.png,0
_0_forward\1682474479.482663.png,0
_0_forward\1682474479.607907.png,0
_0_forward\1682474479.717057.png,0
_0_forward\1682474479.743096.png,0
_0_forward\1682474479.852496.png,0
_0_forward\1682474480.008959.png,0
_0_forward\1682474480.071261.png,0
_0_forward\1682474480.196269.png,0
_0_forward\1682474480.332617.png,0
_0_forward\1682474480.473269.png,0
_0_forward\1682474480.551400.png,0
_0_forward\1682474480.645156.png,0
_0_forward\1682474480.817042.png,0
_0_forward\1682474480.879549.png,0
_0_forward\1682474481.015061.png,0
_0_forward\1682474481.108838.png,0
_0_forward\1682474481.233832.png,0
_0_forward\1682474481.280710.png,0
_0_forward\1682474481.343230.png,0
_0_forward\1682474481.468242.png,0
_0_forward\1682474481.546366.png,0
_0_forward\1682474481.577615.png,0
_0_forward\1682474481.718254.png,0
_0_forward\1682474481.796381.png,0
_0_forward\1682474482.025670.png,0
_0_forward\1682474482.103816.png,0
_0_forward\1682474482.166307.png,0
_0_forward\1682474482.306959.png,0
_0_forward\1682474482.431950.png,0
_0_forward\1682474482.525718.png,0
_0_forward\1682474482.635099.png,0
_0_forward\1682474482.728852.png,0
_0_forward\1682474482.869494.png,0
_0_forward\1682474482.978872.png,0
_0_forward\1682474483.066906.png,0
_0_forward\1682474483.176605.png,0
_0_forward\1682474483.316903.png,0
_0_forward\1682474483.441928.png,0
_0_forward\1682474483.504429.png,0
_0_forward\1682474483.582556.png,0
_0_forward\1682474483.707570.png,0
_0_forward\1682474483.738817.png,0
_0_forward\1682474483.860452.png,0
_0_forward\1682474483.907315.png,0
_0_forward\1682474484.047968.png,0
_0_forward\1682474484.110472.png,0
_0_forward\1682474484.219850.png,0
_0_forward\1682474484.376113.png,0
_0_forward\1682474484.454225.png,0
_0_forward\1682474484.594879.png,0
_0_forward\1682474484.699103.png,0
_0_forward\1682474484.745973.png,0
_0_forward\1682474484.839740.png,0
_0_forward\1682474484.949118.png,0
_0_forward\1682474485.074126.png,0
_1_right\1682474485.183510.png,1
_0_forward\1682474485.324289.png,0
_0_forward\1682474485.386651.png,0
_0_forward\1682474485.464780.png,0
_0_forward\1682474485.616416.png,0
_0_forward\1682474485.788090.png,0
_0_forward\1682474485.897467.png,0
_0_forward\1682474486.016977.png,0
_0_forward\1682474486.048210.png,0
_0_forward\1682474486.157609.png,0
_0_forward\1682474486.298244.png,0
_0_forward\1682474486.391999.png,0
_0_forward\1682474486.501381.png,0
_0_forward\1682474486.563874.png,0
_0_forward\1682474486.746583.png,0
_0_forward\1682474486.871590.png,0
_0_forward\1682474486.980973.png,0
_0_forward\1682474487.084950.png,0
_0_forward\1682474487.178703.png,0
_0_forward\1682474487.265953.png,0
_0_forward\1682474487.312827.png,0
_0_forward\1682474487.406570.png,0
_0_forward\1682474487.500326.png,0
_0_forward\1682474487.578475.png,0
_0_forward\1682474487.656601.png,0
_0_forward\1682474487.750362.png,0
_0_forward\1682474487.937869.png,0
_0_forward\1682474488.047538.png,0
_0_forward\1682474488.142130.png,0
_0_forward\1682474488.220121.png,0
_0_forward\1682474488.266979.png,0
_0_forward\1682474488.387860.png,0
_0_forward\1682474488.434723.png,0
_0_forward\1682474488.544123.png,0
_0_forward\1682474488.622250.png,0
_0_forward\1682474488.669127.png,0
_0_forward\1682474488.757532.png,0
_0_forward\1682474488.882540.png,0
_0_forward\1682474489.070039.png,0
_0_forward\1682474489.163811.png,0
_0_forward\1682474489.273190.png,0
_0_forward\1682474489.382574.png,0
_1_right\1682474489.533543.png,1
_1_right\1682474489.564800.png,1
_1_right\1682474489.674177.png,1
_1_right\1682474489.783559.png,1
_1_right\1682474489.892926.png,1
_1_right\1682474489.939818.png,1
_0_forward\1682474490.064825.png,0
_0_forward\1682474490.137839.png,0
_0_forward\1682474490.200345.png,0
_0_forward\1682474490.309729.png,0
_0_forward\1682474490.450368.png,0
_0_forward\1682474490.631775.png,0
_0_forward\1682474490.709921.png,0
_0_forward\1682474490.850559.png,0
_0_forward\1682474490.959919.png,0
_1_right\1682474491.069304.png,1
_1_right\1682474491.236341.png,1
_1_right\1682474491.314312.png,1
_1_right\1682474491.423694.png,1
_1_right\1682474491.564522.png,1
_0_forward\1682474491.658074.png,0
_0_forward\1682474491.704963.png,0
_0_forward\1682474491.876848.png,0
_0_forward\1682474491.986228.png,0
_0_forward\1682474492.090245.png,0
_0_forward\1682474492.152766.png,0
_0_forward\1682474492.277774.png,0
_0_forward\1682474492.387152.png,0
_0_forward\1682474492.465281.png,0
_0_forward\1682474492.543411.png,0
_1_right\1682474492.637171.png,1
_1_right\1682474492.746550.png,1
_1_right\1682474492.912871.png,1
_1_right\1682474493.022235.png,1
_1_right\1682474493.204468.png,1
_1_right\1682474493.251344.png,1
_1_right\1682474493.376338.png,1
_1_right\1682474493.532614.png,1
_1_right\1682474493.673249.png,1
_1_right\1682474493.782788.png,1
_1_right\1682474493.860765.png,1
_1_right\1682474493.980628.png,1
_1_right\1682474494.105636.png,1
_1_right\1682474494.240405.png,1
_1_right\1682474494.365410.png,1
_1_right\1682474494.506033.png,1
_1_right\1682474494.615431.png,1
_1_right\1682474494.724811.png,1
_1_right\1682474494.865430.png,1
_1_right\1682474494.963389.png,1
_1_right\1682474495.104025.png,1
_1_right\1682474495.222996.png,1
_1_right\1682474495.301112.png,1
_1_right\1682474495.426138.png,1
_1_right\1682474495.519915.png,1
_1_right\1682474495.717482.png,1
_1_right\1682474495.811241.png,1
_0_forward\1682474496.014376.png,0
_0_forward\1682474496.123759.png,0
_0_forward\1682474496.227707.png,0
_0_forward\1682474496.305833.png,0
_0_forward\1682474496.493348.png,0
_1_right\1682474496.571479.png,1
_1_right\1682474496.696485.png,1
_1_right\1682474496.753286.png,1
_1_right\1682474496.878297.png,1
_1_right\1682474496.940798.png,1
_1_right\1682474497.065804.png,1
_1_right\1682474497.206440.png,1
_1_right\1682474497.367187.png,1
_1_right\1682474497.414062.png,1
_1_right\1682474497.570323.png,1
_1_right\1682474497.617186.png,1
_1_right\1682474497.742193.png,1
_1_right\1682474497.882851.png,1
_1_right\1682474498.023486.png,1
_1_right\1682474498.179741.png,1
_1_right\1682474498.226597.png,1
_1_right\1682474498.346113.png,1
_1_right\1682474498.486751.png,1
_1_right\1682474498.708155.png,1
_1_right\1682474498.786307.png,1
_1_right\1682474498.911293.png,1
_1_right\1682474499.145700.png,1
_1_right\1682474499.218355.png,1
_1_right\1682474499.358969.png,1
_1_right\1682474499.452743.png,1
_1_right\1682474499.562109.png,1
_1_right\1682474499.609007.png,1
_1_right\1682474499.765267.png,1
_1_right\1682474499.859019.png,1
_1_right\1682474499.905894.png,1
_1_right\1682474500.030886.png,1
_1_right\1682474500.155899.png,1
_1_right\1682474500.249651.png,1
_1_right\1682474500.437178.png,1
_1_right\1682474500.597684.png,1
_1_right\1682474500.753922.png,1
_0_forward\1682474500.894613.png,0
_0_forward\1682474501.029740.png,0
_0_forward\1682474501.123485.png,0
_0_forward\1682474501.248507.png,0
_0_forward\1682474501.357894.png,0
_0_forward\1682474501.498508.png,0
_0_forward\1682474501.529761.png,0
_0_forward\1682474501.654791.png,0
_0_forward\1682474501.717287.png,0
_0_forward\1682474501.842300.png,0
_0_forward\1682474502.045437.png,0
_1_right\1682474502.134109.png,1
_1_right\1682474502.259118.png,1
_1_right\1682474502.337246.png,1
_1_right\1682474502.493503.png,1
_1_right\1682474502.555989.png,1
_0_forward\1682474502.774773.png,0
_0_forward\1682474502.946656.png,0
_0_forward\1682474503.056038.png,0
_0_forward\1682474503.155021.png,0
_0_forward\1682474503.358161.png,0
_0_forward\1682474503.420644.png,0
_0_forward\1682474503.576919.png,0
_0_forward\1682474503.703580.png,0
_0_forward\1682474503.821538.png,0
_0_forward\1682474503.899652.png,0
_0_forward\1682474504.071556.png,0
_1_right\1682474504.237581.png,1
_1_right\1682474504.362520.png,1
_0_forward\1682474504.471904.png,0
_0_forward\1682474504.659415.png,0
_0_forward\1682474504.721918.png,0
_0_forward\1682474504.862557.png,0
_0_forward\1682474504.987561.png,0
_0_forward\1682474505.169828.png,0
_0_forward\1682474505.279010.png,0
_0_forward\1682474505.357138.png,0
_0_forward\1682474505.466520.png,0
_0_forward\1682474505.654032.png,0
_0_forward\1682474505.716520.png,0
_0_forward\1682474505.899265.png,0
_0_forward\1682474506.055541.png,0
_0_forward\1682474506.180550.png,0
_0_forward\1682474506.258679.png,0
_0_forward\1682474506.399312.png,0
_0_forward\1682474506.518746.png,0
_0_forward\1682474506.596878.png,0
_0_forward\1682474506.737508.png,0
_0_forward\1682474506.893918.png,0
_0_forward\1682474507.003135.png,0
_0_forward\1682474507.123297.png,0
_0_forward\1682474507.170151.png,0
_0_forward\1682474507.342237.png,0
_0_forward\1682474507.404561.png,0
_0_forward\1682474507.498297.png,0
_2_left\1682474507.685825.png,2
_2_left\1682474507.779568.png,2
_2_left\1682474507.914782.png,2
_2_left\1682474508.055420.png,2
_2_left\1682474508.086683.png,2
_2_left\1682474508.242943.png,2
_2_left\1682474508.305430.png,2
_2_left\1682474508.430458.png,2
_2_left\1682474508.508586.png,2
_0_forward\1682474508.617968.png,0
_0_forward\1682474508.742963.png,0
_0_forward\1682474509.008617.png,0
_0_forward\1682474509.102374.png,0
_0_forward\1682474509.133613.png,0
_0_forward\1682474509.283926.png,0
_2_left\1682474509.330787.png,2
_2_left\1682474509.424564.png,2
_2_left\1682474509.580823.png,2
_2_left\1682474509.612072.png,2
_2_left\1682474509.705829.png,2
_2_left\1682474509.893342.png,2
_2_left\1682474509.924591.png,2
_0_forward\1682474510.018348.png,0
_0_forward\1682474510.190237.png,0
_0_forward\1682474510.315242.png,0
_0_forward\1682474510.362118.png,0
_0_forward\1682474510.502753.png,0
_2_left\1682474510.622323.png,2
_2_left\1682474510.716097.png,2
_2_left\1682474510.731719.png,2
_2_left\1682474510.809845.png,2
_2_left\1682474510.935075.png,2
_2_left\1682474510.966096.png,2
_2_left\1682474511.044237.png,2
_0_forward\1682474511.184871.png,0
_0_forward\1682474511.216126.png,0
_0_forward\1682474511.299069.png,0
_0_forward\1682474511.366902.png,0
_0_forward\1682474511.476283.png,0
_0_forward\1682474511.616923.png,0
_0_forward\1682474511.679415.png,0
_2_left\1682474511.773183.png,2
_2_left\1682474511.883147.png,2
_2_left\1682474511.986373.png,2
_2_left\1682474512.163972.png,2
_2_left\1682474512.257749.png,2
_2_left\1682474512.335862.png,2
_2_left\1682474512.479031.png,2
_0_forward\1682474512.697799.png,0
_0_forward\1682474512.785951.png,0
_0_forward\1682474512.942218.png,0
_0_forward\1682474512.973483.png,0
_0_forward\1682474513.114101.png,0
_0_forward\1682474513.221985.png,0
_0_forward\1682474513.316788.png,0
_2_left\1682474513.441953.png,2
_2_left\1682474513.551181.png,2
_2_left\1682474513.598058.png,2
_2_left\1682474513.707436.png,2
_2_left\1682474513.816818.png,2
_2_left\1682474513.863695.png,2
_2_left\1682474513.973081.png,2
_2_left\1682474514.019954.png,2
_2_left\1682474514.207467.png,2
_2_left\1682474514.323990.png,2
_2_left\1682474514.417590.png,2
_2_left\1682474514.511348.png,2
_2_left\1682474514.615632.png,2
_2_left\1682474514.725022.png,2
_2_left\1682474514.850029.png,2
_2_left\1682474515.021937.png,2
_2_left\1682474515.068809.png,2
_2_left\1682474515.193816.png,2
_2_left\1682474515.334451.png,2
_2_left\1682474515.412581.png,2
_2_left\1682474515.521946.png,2
_2_left\1682474515.646973.png,2
_0_forward\1682474515.740728.png,0
_0_forward\1682474515.896988.png,0
_0_forward\1682474516.000892.png,0
_0_forward\1682474516.157379.png,0
_2_left\1682474516.282159.png,2
_2_left\1682474516.532193.png,2
_2_left\1682474516.688433.png,2
_2_left\1682474516.918918.png,2
_2_left\1682474517.258046.png,2
_2_left\1682474517.393262.png,2
_0_forward\1682474517.565147.png,0
_2_left\1682474517.690156.png,2
_2_left\1682474517.768282.png,2
_2_left\1682474517.893297.png,2
_2_left\1682474517.944320.png,2
_2_left\1682474518.084956.png,2
_2_left\1682474518.147459.png,2
_2_left\1682474518.288091.png,2
_2_left\1682474518.397475.png,2
_2_left\1682474518.507009.png,2
_2_left\1682474518.616237.png,2
_2_left\1682474518.757932.png,2
_2_left\1682474518.867313.png,2
_2_left\1682474519.492338.png,2
_2_left\1682474519.679384.png,2
_2_left\1682474519.929754.png,2
_2_left\1682474520.142659.png,2
_2_left\1682474520.377050.png,2
_2_left\1682474520.700752.png,2
_2_left\1682474520.935145.png,2
_0_forward\1682474521.388299.png,0
_0_forward\1682474521.663760.png,0
_2_left\1682474521.960672.png,2
_2_left\1682474522.126816.png,2
_2_left\1682474522.220571.png,2
_2_left\1682474522.408084.png,2
_2_left\1682474522.611241.png,2
_2_left\1682474522.839788.png,2
_0_forward\1682474523.058554.png,0
_0_forward\1682474523.211706.png,0
_0_forward\1682474523.352342.png,0
_0_forward\1682474523.508603.png,0
_0_forward\1682474523.753048.png,0
_0_forward\1682474523.940583.png,0
_2_left\1682474524.096823.png,2
_2_left\1682474524.247262.png,2
_2_left\1682474524.544161.png,2
_2_left\1682474524.778547.png,2
_2_left\1682474525.012938.png,2
_2_left\1682474525.169205.png,2
_2_left\1682474525.247345.png,2
_0_forward\1682474525.387965.png,0
_0_forward\1682474525.679030.png,0
_0_forward\1682474525.850894.png,0
_0_forward\1682474526.033293.png,0
_0_forward\1682474526.283312.png,0
_0_forward\1682474526.423946.png,0
_0_forward\1682474526.611459.png,0
_0_forward\1682474526.783345.png,0
_0_forward\1682474526.965019.png,0
_0_forward\1682474527.209550.png,0
_1_right\1682474527.443940.png,1
_1_right\1682474527.600200.png,1
_1_right\1682474527.725209.png,1
_1_right\1682474527.897095.png,1
_0_forward\1682474528.162757.png,0
_0_forward\1682474528.407146.png,0
_1_right\1682474528.657163.png,1
_1_right\1682474528.860318.png,1
_1_right\1682474528.985311.png,1
_1_right\1682474529.224146.png,1
_1_right\1682474529.411639.png,1
_1_right\1682474529.552274.png,1
_1_right\1682474529.733941.png,1
_0_forward\1682474529.937079.png,0
_0_forward\1682474530.405859.png,0
_0_forward\1682474530.515241.png,0
_0_forward\1682474530.718379.png,0
_0_forward\1682474530.993836.png,0
_0_forward\1682474531.134468.png,0
_0_forward\1682474531.332037.png,0
_0_forward\1682474531.519551.png,0
_0_forward\1682474531.832073.png,0
_0_forward\1682474532.050837.png,0
_0_forward\1682474532.217392.png,0
_0_forward\1682474532.420513.png,0
_0_forward\1682474532.592416.png,0
_0_forward\1682474532.811164.png,0
_0_forward\1682474532.951798.png,0
_0_forward\1682474533.110759.png,0
_0_forward\1682474533.360776.png,0
_0_forward\1682474533.548270.png,0
_0_forward\1682474533.823690.png,0
_2_left\1682474534.073714.png,2
_2_left\1682474534.286863.png,2
_2_left\1682474534.443125.png,2
_2_left\1682474534.630652.png,2
_2_left\1682474534.818150.png,2
_2_left\1682474535.203317.png,2
_2_left\1682474535.656473.png,2
_2_left\1682474535.806849.png,2
_2_left\1682474536.119373.png,2
_2_left\1682474536.519472.png,2
_2_left\1682474537.060664.png,2
_2_left\1682474537.300473.png,2
_2_left\1682474537.503616.png,2
_2_left\1682474537.810919.png,2
_0_forward\1682474537.998432.png,0
_2_left\1682474538.232823.png,2
_2_left\1682474538.482857.png,2
_2_left\1682474538.592223.png,2
_2_left\1682474538.842239.png,2
_2_left\1682474539.045377.png,2
_2_left\1682474539.305237.png,2
_2_left\1682474539.414619.png,2
_2_left\1682474539.711514.png,2
_2_left\1682474539.971292.png,2
_2_left\1682474540.174431.png,2
_2_left\1682474540.471327.png,2
_2_left\1682474540.700097.png,2
_2_left\1682474540.944418.png,2
_2_left\1682474541.147573.png,2
_0_forward\1682474541.288189.png,0
_0_forward\1682474541.460089.png,0
_0_forward\1682474541.553831.png,0
_2_left\1682474541.772619.png,2
_2_left\1682474542.063634.png,2
_2_left\1682474542.339642.png,2
_2_left\1682474542.886536.png,2
_2_left\1682474543.136568.png,2
_2_left\1682474543.333898.png,2
_2_left\1682474543.599553.png,2
_2_left\1682474543.843726.png,2
_2_left\1682474544.203125.png,2
_2_left\1682474544.468769.png,2
_2_left\1682474544.728599.png,2
_2_left\1682474545.759900.png,2
_2_left\1682474545.931786.png,2
_2_left\1682474546.160338.png,2
_2_left\1682474546.254092.png,2
_2_left\1682474546.379100.png,2
_2_left\1682474546.566612.png,2
_2_left\1682474547.082270.png,2
_2_left\1682474547.201861.png,2
_2_left\1682474547.467505.png,2
_2_left\1682474547.608138.png,2
_2_left\1682474547.842529.png,2
_2_left\1682474548.133668.png,2
_2_left\1682474548.368057.png,2
_2_left\1682474548.580973.png,2
_2_left\1682474548.799736.png,2
_2_left\1682474548.971623.png,2
_2_left\1682474549.268518.png,2
_2_left\1682474549.424778.png,2
_2_left\1682474549.549787.png,2
_2_left\1682474549.752928.png,2
_2_left\1682474549.872294.png,2
_2_left\1682474550.080895.png,2
_2_left\1682474550.252781.png,2
_2_left\1682474550.377789.png,2
_2_left\1682474550.455934.png,2
_2_left\1682474550.580931.png,2
_2_left\1682474550.752831.png,2
_2_left\1682474550.799694.png,2
_2_left\1682474550.893450.png,2
_2_left\1682474551.000091.png,2
_2_left\1682474551.078238.png,2
_2_left\1682474551.218869.png,2
_2_left\1682474551.390755.png,2
_2_left\1682474551.494631.png,2
_2_left\1682474551.682141.png,2
_2_left\1682474551.775903.png,2
_2_left\1682474551.880017.png,2
_2_left\1682474552.051684.png,2
_2_left\1682474552.161067.png,2
_2_left\1682474552.234121.png,2
_0_forward\1682474552.359131.png,0
_0_forward\1682474552.406008.png,0
_0_forward\1682474552.515377.png,0
_0_forward\1682474552.728476.png,0
_0_forward\1682474552.790976.png,0
_0_forward\1682474552.931627.png,0
_0_forward\1682474553.009740.png,0
_2_left\1682474553.228504.png,2
_2_left\1682474553.426603.png,2
_2_left\1682474553.598485.png,2
_2_left\1682474553.770390.png,2
_2_left\1682474553.926649.png,2
_2_left\1682474554.202042.png,2
_2_left\1682474554.561441.png,2
_2_left\1682474554.670823.png,2
_2_left\1682474554.967718.png,2
_2_left\1682474555.295865.png,2
_2_left\1682474555.602614.png,2
_2_left\1682474555.790105.png,2
_2_left\1682474556.002982.png,2
_2_left\1682474556.206121.png,2
_2_left\1682474556.346770.png,2
_2_left\1682474556.503022.png,2
_2_left\1682474556.706153.png,2
_2_left\1682474556.887824.png,2
_2_left\1682474557.028457.png,2
_2_left\1682474557.226153.png,2
_2_left\1682474557.382396.png,2
_2_left\1682474557.538672.png,2
_2_left\1682474557.694918.png,2
_2_left\1682474557.851194.png,2
_2_left\1682474558.026676.png,2
_2_left\1682474559.161580.png,2
_2_left\1682474559.317843.png,2
_2_left\1682474559.458475.png,2
_2_left\1682474559.733870.png,2
_2_left\1682474559.905769.png,2
_0_forward\1682474560.015137.png,0
_1_right\1682474560.233918.png,1
_1_right\1682474560.303892.png,1
_0_forward\1682474560.413276.png,0
_0_forward\1682474560.553910.png,0
_2_left\1682474560.663309.png,2
_2_left\1682474560.835195.png,2
_2_left\1682474560.944577.png,2
_2_left\1682474561.095388.png,2
_2_left\1682474561.236009.png,2
_2_left\1682474561.361032.png,2
_2_left\1682474561.439162.png,2
_2_left\1682474561.501648.png,2
_2_left\1682474561.611032.png,2
_2_left\1682474561.626656.png,2
_2_left\1682474561.814189.png,2
_2_left\1682474561.845436.png,2
_2_left\1682474561.986071.png,2
_2_left\1682474562.126691.png,2
_2_left\1682474562.262136.png,2
_2_left\1682474562.355896.png,2
_2_left\1682474562.449652.png,2
_2_left\1682474562.559031.png,2
_0_forward\1682474562.684042.png,0
_0_forward\1682474562.730923.png,0
_0_forward\1682474562.855934.png,0
_0_forward\1682474562.965310.png,0
_0_forward\1682474563.059067.png,0
_0_forward\1682474563.152822.png,0
_0_forward\1682474563.230953.png,0
_0_forward\1682474563.371587.png,0
_0_forward\1682474563.512224.png,0
_0_forward\1682474563.637228.png,0
_0_forward\1682474563.787716.png,0
_0_forward\1682474564.006483.png,0
_0_forward\1682474564.178349.png,0
_0_forward\1682474564.256496.png,0
_0_forward\1682474564.459640.png,0
_0_forward\1682474564.584639.png,0
_0_forward\1682474564.694024.png,0
_0_forward\1682474564.834643.png,0
_0_forward\1682474564.928414.png,0
_0_forward\1682474565.006544.png,0
_0_forward\1682474565.141180.png,0
_0_forward\1682474565.297443.png,0
_0_forward\1682474565.469326.png,0
_0_forward\1682474565.531829.png,0
_0_forward\1682474565.641203.png,0
_0_forward\1682474565.734969.png,0
_0_forward\1682474565.854641.png,0
_0_forward\1682474565.964006.png,0
_0_forward\1682474566.089031.png,0
_0_forward\1682474566.167145.png,0
_0_forward\1682474566.385929.png,0
_0_forward\1682474566.473564.png,0
_0_forward\1682474566.567319.png,0
_0_forward\1682474566.770456.png,0
_0_forward\1682474566.911075.png,0
_0_forward\1682474567.114229.png,0
_0_forward\1682474567.161109.png,0
_2_left\1682474567.280817.png,2
_2_left\1682474567.405841.png,2
_2_left\1682474567.562084.png,2
_2_left\1682474567.718361.png,2
_2_left\1682474567.765221.png,2
_0_forward\1682474567.838128.png,0
_0_forward\1682474567.947509.png,0
_0_forward\1682474568.041284.png,0
_0_forward\1682474568.166290.png,0
_0_forward\1682474568.213151.png,0
_0_forward\1682474568.385054.png,0
_0_forward\1682474568.431927.png,0
_0_forward\1682474568.510045.png,0
_0_forward\1682474568.619753.png,0
_0_forward\1682474568.744455.png,0
_0_forward\1682474568.838208.png,0
_0_forward\1682474568.910033.png,0
_0_forward\1682474568.988162.png,0
_0_forward\1682474569.113175.png,0
_2_left\1682474569.201189.png,2
_2_left\1682474569.294940.png,2
_2_left\1682474569.404337.png,2
_2_left\1682474569.508097.png,2
_2_left\1682474569.633098.png,2
_2_left\1682474569.742480.png,2
_0_forward\1682474569.907827.png,0
_0_forward\1682474570.018238.png,0
_0_forward\1682474570.080732.png,0
_0_forward\1682474570.174500.png,0
_0_forward\1682474570.283883.png,0
_2_left\1682474570.408876.png,2
_2_left\1682474570.471395.png,2
_2_left\1682474570.544028.png,2
_2_left\1682474570.700289.png,2
_2_left\1682474570.794047.png,2
_2_left\1682474570.887799.png,2
_2_left\1682474571.022906.png,2
_0_forward\1682474571.179329.png,0
_0_forward\1682474571.272919.png,0
_0_forward\1682474571.397933.png,0
_0_forward\1682474571.491673.png,0
_2_left\1682474571.658137.png,2
_2_left\1682474571.767519.png,2
_2_left\1682474571.865302.png,2
_2_left\1682474571.981090.png,2
_2_left\1682474572.106096.png,2
_2_left\1682474572.222437.png,2
_2_left\1682474572.363066.png,2
_2_left\1682474572.441206.png,2
_2_left\1682474572.519327.png,2
_2_left\1682474572.581835.png,2
_2_left\1682474572.738073.png,2
_2_left\1682474572.847457.png,2
_2_left\1682474572.919699.png,2
_2_left\1682474573.075979.png,2
_2_left\1682474573.191497.png,2
_2_left\1682474573.238359.png,2
_0_forward\1682474573.316487.png,0
_2_left\1682474573.457139.png,2
_2_left\1682474573.629025.png,2
_2_left\1682474573.691527.png,2
_0_forward\1682474573.832166.png,0
_2_left\1682474573.947745.png,2
_2_left\1682474574.025974.png,2
_0_forward\1682474574.182119.png,0
_0_forward\1682474574.275896.png,0
_0_forward\1682474574.369632.png,0
_0_forward\1682474574.494640.png,0
_0_forward\1682474574.660737.png,0
_0_forward\1682474574.785722.png,0
_0_forward\1682474574.832600.png,0
_0_forward\1682474574.926373.png,0
_0_forward\1682474575.082634.png,0
_0_forward\1682474575.176391.png,0
_0_forward\1682474575.317030.png,0
_0_forward\1682474575.395144.png,0
_0_forward\1682474575.551408.png,0
_0_forward\1682474575.598291.png,0
_0_forward\1682474575.754552.png,0
_0_forward\1682474575.905487.png,0
_0_forward\1682474575.967969.png,0
_0_forward\1682474576.218000.png,0
_0_forward\1682474576.327381.png,0
_0_forward\1682474576.468000.png,0
_0_forward\1682474576.577400.png,0
_0_forward\1682474576.702408.png,0
_1_right\1682474576.874279.png,1
_1_right\1682474576.946878.png,1
_1_right\1682474577.087510.png,1
_1_right\1682474577.238090.png,1
_1_right\1682474577.316233.png,1
_1_right\1682474577.425599.png,1
_1_right\1682474577.519373.png,1
_1_right\1682474577.660007.png,1
_0_forward\1682474577.831877.png,0
_0_forward\1682474577.998323.png,0
_0_forward\1682474578.076457.png,0
_0_forward\1682474578.154600.png,0
_0_forward\1682474578.217106.png,0
_2_left\1682474578.326486.png,2
_0_forward\1682474578.478561.png,0
_0_forward\1682474578.525445.png,0
_0_forward\1682474578.650431.png,0
_0_forward\1682474578.801073.png,0
_1_right\1682474578.894846.png,1
_1_right\1682474579.019848.png,1
_1_right\1682474579.113606.png,1
_0_forward\1682474579.160467.png,0
_1_right\1682474579.269849.png,1
_1_right\1682474579.426126.png,1
_0_forward\1682474579.504256.png,0
_0_forward\1682474579.660517.png,0
_0_forward\1682474579.769881.png,0
_0_forward\1682474579.848028.png,0
_1_right\1682474579.957393.png,1
_0_forward\1682474580.034042.png,0
_0_forward\1682474580.143443.png,0
_1_right\1682474580.237179.png,1
_1_right\1682474580.346562.png,1
_1_right\1682474580.424706.png,1
_1_right\1682474580.534092.png,1
_1_right\1682474580.596579.png,1
_1_right\1682474580.690352.png,1
_1_right\1682474580.799716.png,1
_1_right\1682474580.909101.png,1
_0_forward\1682474581.012977.png,0
_0_forward\1682474581.106732.png,0
_0_forward\1682474581.200490.png,0
_0_forward\1682474581.356752.png,0
_0_forward\1682474581.429009.png,0
_1_right\1682474581.538407.png,1
_1_right\1682474581.663419.png,1
_1_right\1682474581.741546.png,1
_1_right\1682474581.850926.png,1
_1_right\1682474581.979470.png,1
_1_right\1682474582.088864.png,1
_1_right\1682474582.245128.png,1
_1_right\1682474582.354493.png,1
_1_right\1682474582.526396.png,1
_1_right\1682474582.588907.png,1
_1_right\1682474582.760786.png,1
_1_right\1682474582.880514.png,1
_1_right\1682474582.974251.png,1
_1_right\1682474583.146153.png,1
_1_right\1682474583.239890.png,1
_1_right\1682474583.349293.png,1
_1_right\1682474583.427419.png,1
_1_right\1682474583.474297.png,1
_1_right\1682474583.599305.png,1
_1_right\1682474583.708686.png,1
_1_right\1682474583.786814.png,1
_1_right\1682474583.849301.png,1
_1_right\1682474583.989957.png,1
_1_right\1682474584.021205.png,1
_1_right\1682474584.099335.png,1
_1_right\1682474584.187547.png,1
_1_right\1682474584.296914.png,1
_0_forward\1682474584.406318.png,0
_0_forward\1682474584.562575.png,0
_0_forward\1682474584.687580.png,0
_0_forward\1682474584.796962.png,0
_0_forward\1682474584.843844.png,0
_0_forward\1682474584.963126.png,0
_0_forward\1682474585.119408.png,0
_0_forward\1682474585.228788.png,0
_0_forward\1682474585.291277.png,0
_1_right\1682474585.447555.png,1
_1_right\1682474585.504854.png,1
_1_right\1682474585.598636.png,1
_1_right\1682474585.754891.png,1
_1_right\1682474585.817380.png,1
_1_right\1682474585.942409.png,1
_1_right\1682474586.067394.png,1
_1_right\1682474586.176794.png,1
_1_right\1682474586.301801.png,1
_1_right\1682474586.423626.png,1
_1_right\1682474586.517385.png,1
_1_right\1682474586.611160.png,1
_1_right\1682474586.673663.png,1
_1_right\1682474586.814294.png,1
_0_forward\1682474586.965030.png,0
_1_right\1682474587.136911.png,1
_1_right\1682474587.225211.png,1
_1_right\1682474587.303362.png,1
_1_right\1682474587.365860.png,1
_1_right\1682474587.522126.png,1
_1_right\1682474587.600241.png,1
_1_right\1682474587.735777.png,1
_1_right\1682474587.907663.png,1
_1_right\1682474587.970151.png,1
_1_right\1682474588.157677.png,1
_1_right\1682474588.204563.png,1
_1_right\1682474588.339749.png,1
_1_right\1682474588.480367.png,1
_1_right\1682474588.621062.png,1
_1_right\1682474588.808530.png,1
_1_right\1682474588.886643.png,1
_1_right\1682474589.006213.png,1
_1_right\1682474589.131222.png,1
_1_right\1682474589.303106.png,1
_1_right\1682474589.381236.png,1
_1_right\1682474589.490618.png,1
_1_right\1682474590.563384.png,1
_1_right\1682474590.750911.png,1
_1_right\1682474590.860291.png,1
_1_right\1682474590.964130.png,1
_1_right\1682474591.104787.png,1
_1_right\1682474591.229776.png,1
_1_right\1682474591.382314.png,1
_1_right\1682474591.507321.png,1
_1_right\1682474591.569825.png,1
_1_right\1682474591.679192.png,1
_1_right\1682474591.851096.png,1
_1_right\1682474591.976087.png,1
_1_right\1682474592.101111.png,1
_1_right\1682474592.163597.png,1
_1_right\1682474592.299175.png,1
_1_right\1682474592.424183.png,1
_1_right\1682474592.486689.png,1
_1_right\1682474592.627319.png,1
_1_right\1682474592.830459.png,1
_1_right\1682474592.892961.png,1
_1_right\1682474593.049223.png,1
_1_right\1682474593.127337.png,1
_1_right\1682474593.236734.png,1
_1_right\1682474593.330490.png,1
_0_forward\1682474593.533628.png,0
_0_forward\1682474593.596133.png,0
_0_forward\1682474593.684264.png,0
_0_forward\1682474593.824918.png,0
_0_forward\1682474593.871796.png,0
_0_forward\1682474593.934303.png,0
_0_forward\1682474594.012415.png,0
_1_right\1682474594.163696.png,1
_1_right\1682474594.273090.png,1
_1_right\1682474594.304325.png,1
_1_right\1682474594.413707.png,1
_1_right\1682474594.507480.png,1
_1_right\1682474594.601219.png,1
_1_right\1682474594.710601.png,1
_1_right\1682474594.867090.png,1
_1_right\1682474594.960638.png,1
_1_right\1682474595.064759.png,1
_1_right\1682474595.158535.png,1
_1_right\1682474595.330419.png,1
_1_right\1682474595.517918.png,1
_1_right\1682474595.658550.png,1
_1_right\1682474595.721073.png,1
_1_right\1682474595.846081.png,1
_1_right\1682474595.939815.png,1
_1_right\1682474596.033573.png,1
_1_right\1682474596.189853.png,1
_1_right\1682474596.283589.png,1
_1_right\1682474596.465543.png,1
_1_right\1682474596.621783.png,1
_1_right\1682474596.715536.png,1
_1_right\1682474596.840562.png,1
_1_right\1682474596.918693.png,1
_1_right\1682474597.043686.png,1
_1_right\1682474597.106204.png,1
_1_right\1682474597.199948.png,1
_0_forward\1682474597.288636.png,0
_0_forward\1682474597.382390.png,0
_0_forward\1682474597.538667.png,0
_0_forward\1682474597.585528.png,0
_0_forward\1682474597.679284.png,0
_0_forward\1682474597.783307.png,0
_1_right\1682474597.861454.png,1
_1_right\1682474598.017715.png,1
_1_right\1682474598.086604.png,1
_1_right\1682474598.195984.png,1
_1_right\1682474598.305367.png,1
_1_right\1682474598.383479.png,1
_1_right\1682474598.492862.png,1
_1_right\1682474598.649140.png,1
_0_forward\1682474598.711626.png,0
_0_forward\1682474598.821022.png,0
_0_forward\1682474598.987284.png,0
_0_forward\1682474599.112307.png,0
_0_forward\1682474599.294447.png,0
_1_right\1682474599.403828.png,1
_1_right\1682474599.450706.png,1
_1_right\1682474599.560084.png,1
_1_right\1682474599.669456.png,1
_1_right\1682474599.744682.png,1
_1_right\1682474599.775932.png,1
_1_right\1682474599.900959.png,1
_1_right\1682474600.166600.png,1
_1_right\1682474600.291589.png,1
_1_right\1682474600.447864.png,1
_1_right\1682474600.479098.png,1
_1_right\1682474600.598934.png,1
_0_forward\1682474600.739591.png,0
_0_forward\1682474600.833325.png,0
_0_forward\1682474600.927080.png,0
_0_forward\1682474601.020851.png,0
_0_forward\1682474601.098968.png,0
_0_forward\1682474601.177098.png,0
_0_forward\1682474601.302123.png,0
_0_forward\1682474601.380253.png,0
_0_forward\1682474601.458382.png,0
_0_forward\1682474601.505257.png,0
_0_forward\1682474601.583391.png,0
_0_forward\1682474628.501587.png,0
_0_forward\1682474628.532845.png,0
_0_forward\1682474628.657829.png,0
_0_forward\1682474628.735966.png,0
_0_forward\1682474628.845358.png,0
_0_forward\1682474628.939116.png,0
_0_forward\1682474629.064122.png,0
_0_forward\1682474629.136866.png,0
_0_forward\1682474629.277712.png,0
_0_forward\1682474629.402508.png,0
_0_forward\1682474629.496264.png,0
_0_forward\1682474629.636887.png,0
_0_forward\1682474629.730655.png,0
_0_forward\1682474629.834496.png,0
_0_forward\1682474629.896999.png,0
_0_forward\1682474630.037652.png,0
_0_forward\1682474630.131389.png,0
_0_forward\1682474630.193894.png,0
_0_forward\1682474630.334706.png,0
_0_forward\1682474630.412673.png,0
_0_forward\1682474630.469921.png,0
_0_forward\1682474630.610729.png,0
_0_forward\1682474630.673041.png,0
_0_forward\1682474630.766793.png,0
_0_forward\1682474630.876182.png,0
_0_forward\1682474631.016927.png,0
_0_forward\1682474631.063704.png,0
_0_forward\1682474631.157458.png,0
_0_forward\1682474631.251217.png,0
_0_forward\1682474631.329351.png,0
_0_forward\1682474631.407462.png,0
_0_forward\1682474631.469981.png,0
_0_forward\1682474631.563717.png,0
_0_forward\1682474631.657492.png,0
_0_forward\1682474631.854070.png,0
_0_forward\1682474631.886359.png,0
_0_forward\1682474632.011348.png,0
_0_forward\1682474632.136377.png,0
_0_forward\1682474632.183251.png,0
_0_forward\1682474632.299872.png,0
_0_forward\1682474632.471762.png,0
_0_forward\1682474632.534270.png,0
_0_forward\1682474632.612377.png,0
_0_forward\1682474632.737403.png,0
_0_forward\1682474632.815533.png,0
_0_forward\1682474632.981062.png,0
_0_forward\1682474633.027939.png,0
_1_right\1682474633.137321.png,1
_1_right\1682474633.225588.png,1
_1_right\1682474633.334987.png,1
_1_right\1682474633.428738.png,1
_1_right\1682474633.569377.png,1
_0_forward\1682474633.678750.png,0
_0_forward\1682474633.741258.png,0
_0_forward\1682474634.063753.png,0
_0_forward\1682474634.683070.png,0
_0_forward\1682474634.714339.png,0
_0_forward\1682474635.350517.png,0
_0_forward\1682474635.954317.png,0
_0_forward\1682474636.266833.png,0
_2_left\1682474636.906839.png,2
_0_forward\1682474637.250101.png,0
_0_forward\1682474637.354108.png,0
_0_forward\1682474637.494740.png,0
_0_forward\1682474637.525975.png,0
_0_forward\1682474637.666610.png,0
_0_forward\1682474637.775993.png,0
_0_forward\1682474637.822887.png,0
_0_forward\1682474637.930913.png,0
_0_forward\1682474638.087212.png,0
_0_forward\1682474638.212200.png,0
_0_forward\1682474638.259077.png,0
_0_forward\1682474638.352833.png,0
_0_forward\1682474638.462215.png,0
_0_forward\1682474638.618473.png,0
_0_forward\1682474638.649727.png,0
_0_forward\1682474638.784950.png,0
_0_forward\1682474638.847439.png,0
_0_forward\1682474639.016882.png,0
_0_forward\1682474639.135814.png,0
_0_forward\1682474639.198320.png,0
_0_forward\1682474639.292060.png,0
_0_forward\1682474639.370206.png,0
_0_forward\1682474639.479586.png,0
_0_forward\1682474639.635849.png,0
_0_forward\1682474639.729605.png,0
_0_forward\1682474639.788986.png,0
_0_forward\1682474639.929642.png,0
_0_forward\1682474640.007771.png,0
_0_forward\1682474640.117153.png,0
_0_forward\1682474640.164016.png,0
_0_forward\1682474640.304668.png,0
_1_right\1682474640.398407.png,1
_1_right\1682474640.476538.png,1
_1_right\1682474640.570309.png,1
_1_right\1682474640.726572.png,1
_1_right\1682474640.820346.png,1
_1_right\1682474640.882812.png,1
_1_right\1682474641.007838.png,1
_0_forward\1682474641.085966.png,0
_0_forward\1682474641.179724.png,0
_0_forward\1682474641.257853.png,0
_0_forward\1682474641.330689.png,0
_0_forward\1682474641.471324.png,0
_0_forward\1682474641.565063.png,0
_0_forward\1682474641.690093.png,0
_1_right\1682474641.783844.png,1
_1_right\1682474641.849936.png,1
_0_forward\1682474641.996768.png,0
_0_forward\1682474642.043670.png,0
_0_forward\1682474642.121777.png,0
_0_forward\1682474642.231181.png,0
_0_forward\1682474642.319806.png,0
_0_forward\1682474642.444816.png,0
_1_right\1682474642.585449.png,1
_1_right\1682474642.694819.png,1
_1_right\1682474642.782878.png,1
_1_right\1682474643.017272.png,1
_1_right\1682474643.142290.png,1
_1_right\1682474643.298553.png,1
_1_right\1682474643.392291.png,1
_1_right\1682474643.501690.png,1
_1_right\1682474643.704830.png,1
_1_right\1682474643.782942.png,1
_1_right\1682474643.970477.png,1
_1_right\1682474644.079854.png,1
_0_forward\1682474644.152236.png,0
_1_right\1682474644.308498.png,1
_1_right\1682474644.417879.png,1
_1_right\1682474644.558528.png,1
_1_right\1682474644.724534.png,1
_1_right\1682474644.802670.png,1
_1_right\1682474644.880792.png,1
_1_right\1682474645.094214.png,1
_1_right\1682474645.156735.png,1
_1_right\1682474645.312998.png,1
_1_right\1682474645.406751.png,1
_1_right\1682474645.509900.png,1
_1_right\1682474645.556766.png,1
_1_right\1682474645.650523.png,1
_1_right\1682474645.764620.png,1
_1_right\1682474645.842772.png,1
_1_right\1682474645.967780.png,1
_1_right\1682474646.045906.png,1
_1_right\1682474646.097771.png,1
_1_right\1682474646.228122.png,1
_1_right\1682474646.321878.png,1
_1_right\1682474646.462522.png,1
_1_right\1682474646.603153.png,1
_1_right\1682474646.650039.png,1
_1_right\1682474646.728156.png,1
_1_right\1682474646.863190.png,1
_1_right\1682474646.941300.png,1
_1_right\1682474647.066308.png,1
_1_right\1682474647.206952.png,1
_1_right\1682474647.285089.png,1
_0_forward\1682474647.347578.png,0
_0_forward\1682474647.472585.png,0
_0_forward\1682474647.628861.png,0
_0_forward\1682474647.747977.png,0
_1_right\1682474648.042418.png,1
_1_right\1682474648.089288.png,1
_1_right\1682474648.224381.png,1
_1_right\1682474648.317864.png,1
_1_right\1682474648.458495.png,1
_1_right\1682474648.536609.png,1
_1_right\1682474648.599111.png,1
_1_right\1682474648.702842.png,1
_1_right\1682474648.827853.png,1
_1_right\1682474648.906001.png,1
_1_right\1682474649.046641.png,1
_1_right\1682474649.124766.png,1
_1_right\1682474649.218524.png,1
_1_right\1682474649.406033.png,1
_1_right\1682474649.468538.png,1
_1_right\1682474649.634780.png,1
_1_right\1682474649.744143.png,1
_1_right\1682474649.900420.png,1
_1_right\1682474650.041060.png,1
_1_right\1682474650.134975.png,1
_1_right\1682474650.337937.png,1
_1_right\1682474650.431705.png,1
_1_right\1682474650.550714.png,1
_1_right\1682474650.691368.png,1
_1_right\1682474650.816355.png,1
_1_right\1682474650.982529.png,1
_1_right\1682474651.123163.png,1
_1_right\1682474651.201292.png,1
_1_right\1682474651.326303.png,1
_1_right\1682474651.435671.png,1
_1_right\1682474651.545367.png,1
_1_right\1682474651.670362.png,1
_1_right\1682474651.842261.png,1
_1_right\1682474651.904749.png,1
_1_right\1682474652.186040.png,1
_1_right\1682474652.279771.png,1
_1_right\1682474652.442978.png,1
_1_right\1682474652.489839.png,1
_1_right\1682474652.590676.png,1
_1_right\1682474652.762562.png,1
_1_right\1682474652.871944.png,1
_1_right\1682474652.991526.png,1
_1_right\1682474653.163407.png,1
_1_right\1682474653.272779.png,1
_0_forward\1682474653.335297.png,0
_0_forward\1682474653.522811.png,0
_0_forward\1682474653.585294.png,0
_0_forward\1682474653.689211.png,0
_0_forward\1682474653.814219.png,0
_1_right\1682474653.970496.png,1
_1_right\1682474654.017358.png,1
_1_right\1682474654.170482.png,1
_1_right\1682474654.217367.png,1
_1_right\1682474654.326746.png,1
_1_right\1682474654.467403.png,1
_1_right\1682474654.608077.png,1
_1_right\1682474654.654893.png,1
_0_forward\1682474654.779904.png,0
_0_forward\1682474654.904913.png,0
_0_forward\1682474655.071363.png,0
_0_forward\1682474655.149491.png,0
_1_right\1682474655.290125.png,1
_1_right\1682474655.336988.png,1
_1_right\1682474655.462012.png,1
_1_right\1682474655.587011.png,1
_1_right\1682474655.727659.png,1
_1_right\1682474655.769084.png,1
_1_right\1682474655.940991.png,1
_0_forward\1682474656.201299.png,0
_0_forward\1682474656.279431.png,0
_0_forward\1682474656.399058.png,0
_0_forward\1682474656.555314.png,0
_0_forward\1682474656.617804.png,0
_0_forward\1682474656.742832.png,0
_0_forward\1682474656.914715.png,0
_0_forward\1682474656.977251.png,0
_0_forward\1682474657.097612.png,0
_0_forward\1682474657.207012.png,0
_0_forward\1682474657.300751.png,0
_0_forward\1682474657.457011.png,0
_0_forward\1682474657.582036.png,0
_0_forward\1682474657.764287.png,0
_0_forward\1682474657.842416.png,0
_0_forward\1682474657.920544.png,0
_0_forward\1682474658.020390.png,0
_0_forward\1682474658.176665.png,0
_0_forward\1682474658.286031.png,0
_0_forward\1682474658.364180.png,0
_0_forward\1682474658.457934.png,0
_0_forward\1682474658.520421.png,0
_0_forward\1682474658.598570.png,0
_0_forward\1682474658.692324.png,0
_0_forward\1682474658.801699.png,0
_2_left\1682474658.888761.png,2
_2_left\1682474658.952296.png,2
_2_left\1682474659.061684.png,2
_2_left\1682474659.155437.png,2
_2_left\1682474659.217943.png,2
_2_left\1682474659.327328.png,2
_0_forward\1682474659.405452.png,0
_0_forward\1682474659.483568.png,0
_0_forward\1682474659.561698.png,0
_0_forward\1682474659.655469.png,0
_0_forward\1682474659.811718.png,0
_0_forward\1682474659.874240.png,0
_0_forward\1682474659.931307.png,0
_0_forward\1682474660.040669.png,0
_0_forward\1682474660.181319.png,0
_0_forward\1682474660.259444.png,0
_0_forward\1682474660.368829.png,0
_0_forward\1682474660.504307.png,0
_0_forward\1682474660.598062.png,0
_0_forward\1682474660.660566.png,0
_0_forward\1682474660.769935.png,0
_0_forward\1682474660.921181.png,0
_0_forward\1682474661.046175.png,0
_2_left\1682474661.124322.png,2
_2_left\1682474661.171182.png,2
_2_left\1682474661.311817.png,2
_2_left\1682474661.389943.png,2
_2_left\1682474661.499345.png,2
_2_left\1682474661.624338.png,2
_2_left\1682474661.764973.png,2
_2_left\1682474661.811865.png,2
_0_forward\1682474661.915669.png,0
_0_forward\1682474662.071929.png,0
_0_forward\1682474662.181316.png,0
_2_left\1682474662.275052.png,2
_2_left\1682474662.306303.png,2
_0_forward\1682474662.446959.png,0
_0_forward\1682474662.540710.png,0
_2_left\1682474662.644428.png,2
_2_left\1682474662.800706.png,2
_2_left\1682474662.894467.png,2
_2_left\1682474663.014011.png,2
_2_left\1682474663.154646.png,2
_2_left\1682474663.211609.png,2
_2_left\1682474663.305370.png,2
_0_forward\1682474663.414754.png,0
_0_forward\1682474663.477265.png,0
_0_forward\1682474663.555403.png,0
_0_forward\1682474663.680410.png,0
_0_forward\1682474663.789793.png,0
_0_forward\1682474663.852295.png,0
_0_forward\1682474663.992933.png,0
_0_forward\1682474664.242946.png,0
_0_forward\1682474664.399211.png,0
_0_forward\1682474664.430456.png,0
_0_forward\1682474664.524214.png,0
_0_forward\1682474664.674846.png,0
_0_forward\1682474664.784229.png,0
_0_forward\1682474664.846717.png,0
_0_forward\1682474664.987366.png,0
_2_left\1682474665.112357.png,2
_2_left\1682474665.159235.png,2
_2_left\1682474665.252996.png,2
_2_left\1682474665.362388.png,2
_2_left\1682474665.456146.png,2
_2_left\1682474665.581141.png,2
_2_left\1682474665.706337.png,2
_2_left\1682474665.815545.png,2
_2_left\1682474665.909306.png,2
_2_left\1682474666.044994.png,2
_2_left\1682474666.154363.png,2
_2_left\1682474666.201257.png,2
_2_left\1682474666.326247.png,2
_2_left\1682474666.451255.png,2
_2_left\1682474666.576279.png,2
_2_left\1682474666.795043.png,2
_2_left\1682474666.857549.png,2
_0_forward\1682474667.117660.png,0
_0_forward\1682474667.195804.png,0
_0_forward\1682474667.346883.png,0
_0_forward\1682474667.425004.png,0
_2_left\1682474667.518754.png,2
_2_left\1682474667.612528.png,2
_2_left\1682474667.737517.png,2
_2_left\1682474667.846918.png,2
_2_left\1682474668.076257.png,2
_2_left\1682474668.154386.png,2
_2_left\1682474668.232516.png,2
_2_left\1682474668.341902.png,2
_2_left\1682474668.466906.png,2
_2_left\1682474668.607541.png,2
_2_left\1682474668.664553.png,2
_2_left\1682474668.758315.png,2
_2_left\1682474668.836446.png,2
_2_left\1682474668.945844.png,2
_2_left\1682474669.023957.png,2
_2_left\1682474669.102086.png,2
_2_left\1682474669.195856.png,2
_2_left\1682474669.352119.png,2
_2_left\1682474669.430249.png,2
_2_left\1682474669.461500.png,2
_2_left\1682474669.555257.png,2
_2_left\1682474669.664640.png,2
_0_forward\1682474669.805259.png,0
_0_forward\1682474669.836512.png,0
_0_forward\1682474669.955804.png,0
_0_forward\1682474670.096440.png,0
_0_forward\1682474670.190178.png,0
_0_forward\1682474670.283932.png,0
_0_forward\1682474670.393332.png,0
_0_forward\1682474670.518344.png,0
_0_forward\1682474670.580842.png,0
_0_forward\1682474670.685634.png,0
_0_forward\1682474670.747959.png,0
_0_forward\1682474670.872985.png,0
_0_forward\1682474670.951114.png,0
_0_forward\1682474670.997990.png,0
_0_forward\1682474671.107376.png,0
_0_forward\1682474671.201112.png,0
_0_forward\1682474671.492301.png,0
_0_forward\1682474671.539179.png,0
_0_forward\1682474671.726692.png,0
_0_forward\1682474671.882957.png,0
_0_forward\1682474672.143033.png,0
_0_forward\1682474672.252419.png,0
_0_forward\1682474672.393034.png,0
_0_forward\1682474672.424286.png,0
_0_forward\1682474672.580547.png,0
_0_forward\1682474672.643052.png,0
_0_forward\1682474672.762727.png,0
_0_forward\1682474672.919159.png,0
_0_forward\1682474672.965864.png,0
_0_forward\1682474673.085589.png,0
_0_forward\1682474673.210599.png,0
_0_forward\1682474673.319981.png,0
_0_forward\1682474673.382489.png,0
_0_forward\1682474673.491855.png,0
_0_forward\1682474673.616872.png,0
_0_forward\1682474673.726261.png,0
_0_forward\1682474673.851269.png,0
_1_right\1682474673.945028.png,1
_1_right\1682474673.976256.png,1
_1_right\1682474674.111387.png,1
_1_right\1682474674.158293.png,1
_1_right\1682474674.220773.png,1
_1_right\1682474674.314530.png,1
_1_right\1682474674.434286.png,1
_1_right\1682474674.512417.png,1
_1_right\1682474674.559295.png,1
_1_right\1682474674.621796.png,1
_1_right\1682474674.699911.png,1
_1_right\1682474674.840562.png,1
_0_forward\1682474674.918697.png,0
_0_forward\1682474674.990497.png,0
_0_forward\1682474675.115510.png,0
_0_forward\1682474675.146740.png,0
_0_forward\1682474675.256123.png,0
_0_forward\1682474675.349896.png,0
_0_forward\1682474675.433445.png,0
_0_forward\1682474675.511593.png,0
_0_forward\1682474675.605349.png,0
_0_forward\1682474675.730338.png,0
_0_forward\1682474675.839722.png,0
_0_forward\1682474675.917854.png,0
_0_forward\1682474676.027251.png,0
_0_forward\1682474676.105370.png,0
_0_forward\1682474676.261641.png,0
_0_forward\1682474676.355402.png,0
_0_forward\1682474676.417884.png,0
_0_forward\1682474676.558534.png,0
_0_forward\1682474676.683543.png,0
_0_forward\1682474676.761657.png,0
_0_forward\1682474676.912424.png,0
_0_forward\1682474677.037190.png,0
_0_forward\1682474677.084053.png,0
_0_forward\1682474677.232790.png,0
_0_forward\1682474677.375485.png,0
_0_forward\1682474677.485016.png,0
_0_forward\1682474677.562990.png,0
_0_forward\1682474677.713753.png,0
_0_forward\1682474677.807530.png,0
_0_forward\1682474677.948164.png,0
_0_forward\1682474678.010666.png,0
_0_forward\1682474678.104422.png,0
_0_forward\1682474678.208662.png,0
_0_forward\1682474678.333674.png,0
_0_forward\1682474678.443058.png,0
_0_forward\1682474678.536793.png,0
_2_left\1682474678.672384.png,2
_2_left\1682474678.766145.png,2
_2_left\1682474678.859901.png,2
_2_left\1682474678.995048.png,2
_2_left\1682474679.088811.png,2
_2_left\1682474679.198190.png,2
_0_forward\1682474679.245050.png,0
_0_forward\1682474679.385700.png,0
_0_forward\1682474679.479455.png,0
_0_forward\1682474679.629574.png,0
_2_left\1682474679.738958.png,2
_2_left\1682474679.785832.png,2
_2_left\1682474679.910830.png,2
_2_left\1682474679.942095.png,2
_2_left\1682474680.067106.png,2
_2_left\1682474680.129607.png,2
_2_left\1682474680.223363.png,2
_2_left\1682474680.379622.png,2
_2_left\1682474680.473379.png,2
_2_left\1682474680.520257.png,2
_2_left\1682474680.629644.png,2
_2_left\1682474680.739004.png,2
_0_forward\1682474680.879664.png,0
_0_forward\1682474680.952277.png,0
_0_forward\1682474681.077285.png,0
_0_forward\1682474681.124148.png,0
_2_left\1682474682.316834.png,2
_2_left\1682474682.379334.png,2
_2_left\1682474682.519952.png,2
_2_left\1682474682.598099.png,2
_2_left\1682474682.764806.png,2
_2_left\1682474682.811699.png,2
_2_left\1682474683.014839.png,2
_2_left\1682474683.181308.png,2
_2_left\1682474683.228165.png,2
_2_left\1682474683.384441.png,2
_2_left\1682474683.446944.png,2
_2_left\1682474683.509436.png,2
_2_left\1682474683.629065.png,2
_2_left\1682474683.707195.png,2
_2_left\1682474683.816563.png,2
_2_left\1682474683.972841.png,2
_2_left\1682474684.066578.png,2
_2_left\1682474684.144706.png,2
_2_left\1682474684.269715.png,2
_2_left\1682474684.347843.png,2
_2_left\1682474684.457244.png,2
_2_left\1682474684.550998.png,2
_2_left\1682474684.722884.png,2
_2_left\1682474684.800998.png,2
_2_left\1682474684.879127.png,2
_2_left\1682474684.941654.png,2
_2_left\1682474685.043607.png,2
_2_left\1682474685.137362.png,2
_2_left\1682474685.277980.png,2
_2_left\1682474685.371754.png,2
_0_forward\1682474685.528015.png,0
_0_forward\1682474685.574878.png,0
_0_forward\1682474685.723898.png,0
_0_forward\1682474685.771856.png,0
_0_forward\1682474685.896882.png,0
_0_forward\1682474685.975012.png,0
_2_left\1682474686.115628.png,2
_2_left\1682474686.240637.png,2
_2_left\1682474686.303158.png,2
_2_left\1682474686.391124.png,2
_2_left\1682474686.562992.png,2
_2_left\1682474686.688022.png,2
_2_left\1682474686.781757.png,2
_2_left\1682474686.875534.png,2
_2_left\1682474687.031790.png,2
_2_left\1682474687.125543.png,2
_2_left\1682474687.250538.png,2
_2_left\1682474687.297438.png,2
_2_left\1682474687.417099.png,2
_2_left\1682474687.573358.png,2
_2_left\1682474687.620237.png,2
_2_left\1682474687.770661.png,2
_2_left\1682474687.833161.png,2
_2_left\1682474687.911272.png,2
_2_left\1682474688.051925.png,2
_2_left\1682474688.145679.png,2
_0_forward\1682474688.223816.png,0
_0_forward\1682474688.301939.png,0
_0_forward\1682474688.395678.png,0
_0_forward\1682474688.551942.png,0
_0_forward\1682474688.603897.png,0
_0_forward\1682474688.671594.png,0
_0_forward\1682474688.749724.png,0
_0_forward\1682474688.905976.png,0
_0_forward\1682474688.937220.png,0
_2_left\1682474689.077855.png,2
_2_left\1682474689.134661.png,2
_2_left\1682474689.228413.png,2
_2_left\1682474689.275276.png,2
_2_left\1682474689.369030.png,2
_2_left\1682474689.478413.png,2
_2_left\1682474689.603419.png,2
_2_left\1682474689.744054.png,2
_2_left\1682474689.853435.png,2
_0_forward\1682474689.962820.png,0
_2_left\1682474690.129669.png,2
_2_left\1682474690.207798.png,2
_2_left\1682474690.332790.png,2
_2_left\1682474690.442187.png,2
_2_left\1682474690.577311.png,2
_2_left\1682474690.733855.png,2
_0_forward\1682474690.858563.png,0
_0_forward\1682474690.967963.png,0
_0_forward\1682474691.046091.png,0
_0_forward\1682474691.124206.png,0
_2_left\1682474691.264862.png,2
_2_left\1682474691.358597.png,2
_2_left\1682474691.389848.png,2
_2_left\1682474691.483620.png,2
_2_left\1682474691.843784.png,2
_2_left\1682474692.156305.png,2
_0_forward\1682474692.546957.png,0
_0_forward\1682474692.609482.png,0
_0_forward\1682474692.703217.png,0
_2_left\1682474692.875107.png,2
_2_left\1682474693.031384.png,2
_2_left\1682474693.093886.png,2
_2_left\1682474693.228944.png,2
_2_left\1682474693.322684.png,2
_0_forward\1682474693.432346.png,0
_0_forward\1682474693.463320.png,0
_0_forward\1682474693.557090.png,0
_0_forward\1682474693.693113.png,0
_0_forward\1682474693.755602.png,0
_0_forward\1682474693.880618.png,0
_0_forward\1682474693.984765.png,0
_0_forward\1682474694.062895.png,0
_0_forward\1682474694.203548.png,0
_0_forward\1682474694.266048.png,0
_0_forward\1682474694.344164.png,0
_0_forward\1682474694.484815.png,0
_0_forward\1682474694.550247.png,0
_0_forward\1682474694.651398.png,0
_0_forward\1682474694.776409.png,0
_0_forward\1682474694.870161.png,0
_0_forward\1682474694.948290.png,0
_0_forward\1682474695.083699.png,0
_0_forward\1682474695.193065.png,0
_0_forward\1682474695.411828.png,0
_0_forward\1682474695.583732.png,0
_0_forward\1682474695.646223.png,0
_0_forward\1682474695.724351.png,0
_0_forward\1682474695.880616.png,0
_0_forward\1682474696.031744.png,0
_0_forward\1682474696.125499.png,0
_2_left\1682474696.297387.png,2
_2_left\1682474696.344248.png,2
_2_left\1682474696.422395.png,2
_2_left\1682474696.594279.png,2
_2_left\1682474696.672409.png,2
_2_left\1682474696.797418.png,2
_0_forward\1682474696.891156.png,0
_0_forward\1682474696.984930.png,0
_0_forward\1682474697.094294.png,0
_0_forward\1682474697.234951.png,0
_0_forward\1682474697.385920.png,0
_0_forward\1682474697.464051.png,0
_0_forward\1682474697.557793.png,0
_2_left\1682474697.661092.png,2
_2_left\1682474697.723593.png,2
_2_left\1682474697.864230.png,2
_2_left\1682474698.020488.png,2
_2_left\1682474698.114245.png,2
_2_left\1682474698.270487.png,2
_2_left\1682474698.332992.png,2
_0_forward\1682474698.473629.png,0
_0_forward\1682474698.620655.png,0
_0_forward\1682474698.687327.png,0
_0_forward\1682474698.749847.png,0
_0_forward\1682474698.874853.png,0
_0_forward\1682474699.031116.png,0
_0_forward\1682474699.077990.png,0
_2_left\1682474699.171746.png,2
_2_left\1682474699.353847.png,2
_2_left\1682474699.400726.png,2
_2_left\1682474699.572613.png,2
_2_left\1682474699.666356.png,2
_2_left\1682474699.806989.png,2
_2_left\1682474699.900757.png,2
_2_left\1682474700.035799.png,2
_2_left\1682474700.176421.png,2
_2_left\1682474700.363932.png,2
_2_left\1682474700.482855.png,2
_2_left\1682474700.639116.png,2
_2_left\1682474700.779748.png,2
_2_left\1682474700.894625.png,2
_2_left\1682474701.025129.png,2
_2_left\1682474701.103259.png,2
_2_left\1682474701.259518.png,2
_0_forward\1682474701.410341.png,0
_1_right\1682474701.504094.png,1
_1_right\1682474701.566607.png,1
_1_right\1682474701.660360.png,1
_1_right\1682474701.722848.png,1
_1_right\1682474701.863497.png,1
_0_forward\1682474701.926003.png,0
_2_left\1682474702.019752.png,2
_2_left\1682474702.139426.png,2
_2_left\1682474702.342548.png,2
_2_left\1682474702.436497.png,2
_2_left\1682474702.545706.png,2
_2_left\1682474702.639460.png,2
_2_left\1682474702.717590.png,2
_0_forward\1682474702.899692.png,0
_1_right\1682474703.071572.png,1
_2_left\1682474703.274716.png,2
_2_left\1682474703.384325.png,2
_2_left\1682474703.462206.png,2
_2_left\1682474703.587230.png,2
_2_left\1682474703.706991.png,2
_2_left\1682474703.800750.png,2
_2_left\1682474703.925756.png,2
_2_left\1682474704.050764.png,2
_2_left\1682474704.154253.png,2
_0_forward\1682474704.279247.png,0
_0_forward\1682474704.414544.png,0
_0_forward\1682474704.508284.png,0
_2_left\1682474704.617683.png,2
_2_left\1682474704.711425.png,2
_2_left\1682474704.789566.png,2
_2_left\1682474704.852076.png,2
_2_left\1682474704.940320.png,2
_2_left\1682474705.065329.png,2
_2_left\1682474705.127835.png,2
_2_left\1682474705.299701.png,2
_2_left\1682474705.362209.png,2
_2_left\1682474705.560114.png,2
_2_left\1682474705.669159.png,2
_2_left\1682474705.731663.png,2
_2_left\1682474705.903566.png,2
_0_forward\1682474705.966054.png,0
_0_forward\1682474706.106704.png,0
_0_forward\1682474706.169208.png,0
_0_forward\1682474706.278596.png,0
_0_forward\1682474706.341075.png,0
_0_forward\1682474706.481728.png,0
_0_forward\1682474706.653615.png,0
_0_forward\1682474706.731743.png,0
_2_left\1682474706.851446.png,2
_0_forward\1682474706.945203.png,0
_2_left\1682474707.054608.png,2
_0_forward\1682474707.382752.png,0
_0_forward\1682474707.429609.png,0
_0_forward\1682474707.601496.png,0
_0_forward\1682474707.679626.png,0
_0_forward\1682474707.820259.png,0
_0_forward\1682474707.898407.png,0
_1_right\1682474707.976519.png,1
_1_right\1682474708.085920.png,1
_1_right\1682474708.220779.png,1
_1_right\1682474708.345807.png,1
_1_right\1682474708.408306.png,1
_1_right\1682474708.517802.png,1
_1_right\1682474708.611444.png,1
_0_forward\1682474708.747030.png,0
_0_forward\1682474708.872020.png,0
_0_forward\1682474708.918901.png,0
_0_forward\1682474709.090802.png,0
_0_forward\1682474709.434575.png,0
_0_forward\1682474709.584808.png,0
_0_forward\1682474709.694172.png,0
_0_forward\1682474709.850648.png,0
_0_forward\1682474709.912939.png,0
_0_forward\1682474709.991082.png,0
_1_right\1682474710.100466.png,1
_1_right\1682474710.194220.png,1
_1_right\1682474710.256723.png,1
_1_right\1682474710.369968.png,1
_1_right\1682474710.463723.png,1
_1_right\1682474710.510602.png,1
_1_right\1682474710.583495.png,1
_1_right\1682474710.677274.png,1
_1_right\1682474710.802277.png,1
_1_right\1682474710.880405.png,1
_1_right\1682474710.984522.png,1
_0_forward\1682474711.109529.png,0
_0_forward\1682474711.281416.png,0
_0_forward\1682474711.390781.png,0
_0_forward\1682474711.500166.png,0
_0_forward\1682474711.635475.png,0
_0_forward\1682474711.697980.png,0
_1_right\1682474711.822973.png,1
_1_right\1682474711.916727.png,1
_1_right\1682474712.104257.png,1
_1_right\1682474712.166766.png,1
_1_right\1682474712.380501.png,1
_1_right\1682474712.536602.png,1
_1_right\1682474712.614731.png,1
_1_right\1682474712.724117.png,1
_1_right\1682474712.958693.png,1
_1_right\1682474713.083510.png,1
_1_right\1682474713.208502.png,1
_1_right\1682474713.333515.png,1
_1_right\1682474713.396031.png,1
_1_right\1682474713.614903.png,1
_1_right\1682474714.046870.png,1
_1_right\1682474714.166135.png,1
_1_right\1682474714.275517.png,1
_1_right\1682474714.463028.png,1
_1_right\1682474714.525534.png,1
_2_left\1682474714.650537.png,2
_2_left\1682474714.779438.png,2
_0_forward\1682474714.826317.png,0
_0_forward\1682474714.935713.png,0
_0_forward\1682474714.982591.png,0
_1_right\1682474715.109982.png,1
_1_right\1682474715.219361.png,1
_1_right\1682474715.344801.png,1
_1_right\1682474715.391232.png,1
_1_right\1682474715.532187.png,1
_1_right\1682474715.578757.png,1
_1_right\1682474715.656896.png,1
_1_right\1682474715.776242.png,1
_1_right\1682474715.870017.png,1
_0_forward\1682474716.010651.png,0
_1_right\1682474716.073143.png,1
_1_right\1682474716.166909.png,1
_1_right\1682474716.323164.png,1
_1_right\1682474716.379818.png,1
_1_right\1682474716.489085.png,1
_1_right\1682474716.660963.png,1
_1_right\1682474716.776256.png,1
_1_right\1682474716.874448.png,1
_1_right\1682474717.077590.png,1
_1_right\1682474717.140088.png,1
_2_left\1682474717.296350.png,2
_2_left\1682474717.390106.png,2
_2_left\1682474717.483868.png,2
_2_left\1682474717.577621.png,2
_0_forward\1682474717.687002.png,0
_1_right\1682474717.790946.png,1
_1_right\1682474717.978459.png,1
_1_right\1682474718.168357.png,1
_1_right\1682474718.262101.png,1
_1_right\1682474718.418376.png,1
_1_right\1682474718.496526.png,1
_1_right\1682474718.621497.png,1
_1_right\1682474718.757111.png,1
_1_right\1682474718.850851.png,1
_1_right\1682474718.974856.png,1
_1_right\1682474719.068629.png,1
_1_right\1682474719.211615.png,1
_1_right\1682474719.367898.png,1
_1_right\1682474719.492884.png,1
_1_right\1682474719.633536.png,1
_1_right\1682474719.779941.png,1
_1_right\1682474719.846650.png,1
_1_right\1682474719.971654.png,1
_1_right\1682474720.143544.png,1
_1_right\1682474720.252904.png,1
_1_right\1682474720.377929.png,1
_1_right\1682474720.482275.png,1
_1_right\1682474720.607300.png,1
_1_right\1682474720.716681.png,1
_1_right\1682474720.857301.png,1
_1_right\1682474720.966680.png,1
_1_right\1682474721.154211.png,1
_1_right\1682474721.216712.png,1
_1_right\1682474721.310452.png,1
_1_right\1682474721.669867.png,1
_1_right\1682474721.779249.png,1
_1_right\1682474721.961214.png,1
_1_right\1682474722.039346.png,1
_1_right\1682474722.133096.png,1
_1_right\1682474722.242464.png,1
_1_right\1682474722.383113.png,1
_1_right\1682474722.461249.png,1
_1_right\1682474722.643678.png,1
_1_right\1682474722.737435.png,1
_1_right\1682474722.893880.png,1
_1_right\1682474723.200448.png,1
_1_right\1682474723.372319.png,1
_1_right\1682474723.481716.png,1
_1_right\1682474723.663734.png,1
_1_right\1682474723.788735.png,1
_1_right\1682474723.944994.png,1
_1_right\1682474724.038766.png,1
_1_right\1682474724.179399.png,1
_1_right\1682474724.304389.png,1
_1_right\1682474724.398162.png,1
_1_right\1682474724.460667.png,1
_1_right\1682474724.548916.png,1
_1_right\1682474724.689571.png,1
_1_right\1682474724.752078.png,1
_1_right\1682474724.814575.png,1
_1_right\1682474724.971038.png,1
_1_right\1682474725.095845.png,1
_1_right\1682474725.173958.png,1
_1_right\1682474725.283341.png,1
_1_right\1682474725.502120.png,1
_1_right\1682474725.658380.png,1
_1_right\1682474725.830270.png,1
_1_right\1682474725.934979.png,1
_1_right\1682474725.981855.png,1
_1_right\1682474726.044343.png,1
_1_right\1682474726.169369.png,1
_1_right\1682474726.200620.png,1
_1_right\1682474726.294376.png,1
_1_right\1682474726.388130.png,1
_1_right\1682474726.523237.png,1
_1_right\1682474726.663608.png,1
_0_forward\1682474726.804237.png,0
_0_forward\1682474726.897993.png,0
_0_forward\1682474727.085510.png,0
_0_forward\1682474727.179260.png,0
_0_forward\1682474727.214352.png,0
_0_forward\1682474727.330049.png,0
_0_forward\1682474727.501920.png,0
_0_forward\1682474727.533188.png,0
_0_forward\1682474727.689448.png,0
_0_forward\1682474727.751935.png,0
_1_right\1682474727.840078.png,1
_1_right\1682474727.965106.png,1
_1_right\1682474728.090108.png,1
_1_right\1682474728.183866.png,1
_1_right\1682474728.340125.png,1
_1_right\1682474728.449508.png,1
_1_right\1682474728.693619.png,1
_1_right\1682474728.834249.png,1
_1_right\1682474728.928004.png,1
_1_right\1682474729.053014.png,1
_1_right\1682474729.193649.png,1
_1_right\1682474729.318637.png,1
_1_right\1682474729.381159.png,1
_1_right\1682474729.568671.png,1
_1_right\1682474729.678053.png,1
_1_right\1682474729.803061.png,1
_1_right\1682474729.912443.png,1
_1_right\1682474730.031990.png,1
_1_right\1682474730.094494.png,1
_1_right\1682474730.188234.png,1
_1_right\1682474730.313258.png,1
_1_right\1682474730.469774.png,1
_1_right\1682474730.516396.png,1
_0_forward\1682474730.782020.png,0
_1_right\1682474730.828899.png,1
_1_right\1682474730.948678.png,1
_1_right\1682474731.042435.png,1
_1_right\1682474731.183227.png,1
_1_right\1682474731.229929.png,1
_1_right\1682474731.412004.png,1
_1_right\1682474731.521405.png,1
_1_right\1682474731.615159.png,1
_1_right\1682474731.708911.png,1
_1_right\1682474731.828361.png,1
_1_right\1682474732.015880.png,1
_1_right\1682474732.062769.png,1
_1_right\1682474732.187780.png,1
_1_right\1682474732.297159.png,1
_0_forward\1682474732.375291.png,0
_2_left\1682474732.453426.png,2
_0_forward\1682474732.547176.png,0
_1_right\1682474732.656557.png,1
_1_right\1682474732.760750.png,1
_1_right\1682474732.932648.png,1
_1_right\1682474733.010784.png,1
_1_right\1682474733.088910.png,1
_1_right\1682474733.245172.png,1
_1_right\1682474733.307676.png,1
_1_right\1682474733.417042.png,1
_1_right\1682474733.526441.png,1
_1_right\1682474733.708935.png,1
_1_right\1682474733.833943.png,1
_1_right\1682474733.974738.png,1
_1_right\1682474734.187901.png,1
_1_right\1682474734.328535.png,1
_1_right\1682474734.687917.png,1
_1_right\1682474734.734808.png,1
_1_right\1682474734.875451.png,1
_1_right\1682474734.937933.png,1
_1_right\1682474735.078589.png,1
_1_right\1682474735.156714.png,1
_1_right\1682474735.297348.png,1
_1_right\1682474735.344224.png,1
_0_forward\1682474735.526771.png,0
_1_right\1682474735.604900.png,1
_1_right\1682474735.693142.png,1
_1_right\1682474735.724392.png,1
_1_right\1682474735.958779.png,1
_1_right\1682474736.068164.png,1
_1_right\1682474736.224615.png,1
_1_right\1682474736.302551.png,1
_1_right\1682474736.411916.png,1
_1_right\1682474736.568214.png,1
_1_right\1682474736.646311.png,1
_1_right\1682474736.786958.png,1
_1_right\1682474736.890341.png,1
_1_right\1682474737.015552.png,1
_1_right\1682474737.093479.png,1
_1_right\1682474737.218472.png,1
_1_right\1682474737.312417.png,1
_1_right\1682474737.421628.png,1
_1_right\1682474737.593510.png,1
_1_right\1682474737.765396.png,1
_1_right\1682474737.859152.png,1
_1_right\1682474737.968536.png,1
_1_right\1682474738.062290.png,1
_0_forward\1682474739.270753.png,0
_1_right\1682474739.379909.png,1
_1_right\1682474739.489291.png,1
_1_right\1682474739.655439.png,1
_1_right\1682474739.717761.png,1
_1_right\1682474739.905256.png,1
_1_right\1682474740.045892.png,1
_1_right\1682474740.139667.png,1
_1_right\1682474740.233417.png,1
_1_right\1682474740.342800.png,1
_1_right\1682474740.483433.png,1
_1_right\1682474740.670943.png,1
_1_right\1682474740.811579.png,1
_0_forward\1682474741.551295.png,0
_1_right\1682474741.645044.png,1
_1_right\1682474741.723174.png,1
_1_right\1682474741.816923.png,1
_1_right\1682474741.910686.png,1
_1_right\1682474742.035692.png,1
_1_right\1682474742.145076.png,1
_1_right\1682474742.282187.png,1
_1_right\1682474742.360319.png,1
_1_right\1682474742.422826.png,1
_1_right\1682474743.094728.png,1
_1_right\1682474743.250997.png,1
_1_right\1682474743.329127.png,1
_1_right\1682474743.422867.png,1
_1_right\1682474743.547893.png,1
_1_right\1682474743.658983.png,1
_1_right\1682474743.737108.png,1
_1_right\1682474743.924610.png,1
_1_right\1682474744.034013.png,1
_1_right\1682474744.096510.png,1
_1_right\1682474744.252771.png,1
_1_right\1682474744.346513.png,1
_1_right\1682474744.471537.png,1
_1_right\1682474744.565290.png,1
_1_right\1682474744.659046.png,1
_1_right\1682474744.784054.png,1
_1_right\1682474744.893435.png,1
_1_right\1682474745.028798.png,1
_1_right\1682474745.122555.png,1
_1_right\1682474745.200684.png,1
_1_right\1682474745.294422.png,1
_1_right\1682474745.372573.png,1
_1_right\1682474745.497577.png,1
_1_right\1682474745.575709.png,1
_1_right\1682474745.700715.png,1
_1_right\1682474745.856975.png,1
_0_forward\1682474746.877994.png,0
_1_right\1682474747.002833.png,1
_1_right\1682474747.096599.png,1
_1_right\1682474747.159106.png,1
_1_right\1682474747.268486.png,1
_1_right\1682474747.393498.png,1
_1_right\1682474747.502872.png,1
_1_right\1682474747.627879.png,1
_1_right\1682474747.730960.png,1
_1_right\1682474747.824718.png,1
_0_forward\1682474748.496650.png,0
_0_forward\1682474748.590411.png,0
_0_forward\1682474748.640306.png,0
_0_forward\1682474748.718439.png,0
_1_right\1682474748.827805.png,1
_1_right\1682474748.921558.png,1
_1_right\1682474748.999705.png,1
_1_right\1682474749.077833.png,1
_1_right\1682474749.171576.png,1
_1_right\1682474749.234096.png,1
_1_right\1682474749.312210.png,1
_1_right\1682474749.421605.png,1
_1_right\1682474749.530970.png,1
_1_right\1682474749.671620.png,1
_1_right\1682474749.812259.png,1
_1_right\1682474749.900468.png,1
_1_right\1682474750.041422.png,1
_1_right\1682474750.150681.png,1
_1_right\1682474750.244441.png,1
_1_right\1682474750.322371.png,1
_1_right\1682474750.388101.png,1
_1_right\1682474750.486447.png,1
_1_right\1682474750.642722.png,1
_1_right\1682474750.705228.png,1
_1_right\1682474750.814612.png,1
_1_right\1682474750.934232.png,1
_1_right\1682474751.043617.png,1
_1_right\1682474751.121736.png,1
_1_right\1682474751.199873.png,1
_1_right\1682474751.278175.png,1
_1_right\1682474751.371759.png,1
_1_right\1682474751.434262.png,1
_1_right\1682474751.512398.png,1
_1_right\1682474751.590509.png,1
_1_right\1682474751.699905.png,1
_1_right\1682474751.778038.png,1
_1_right\1682474751.881121.png,1
_1_right\1682474751.959398.png,1
_1_right\1682474751.990496.png,1
_1_right\1682474752.099866.png,1
_1_right\1682474752.240518.png,1
_0_forward\1682474752.287392.png,0
_0_forward\1682474752.396774.png,0
_0_forward\1682474752.475070.png,0
_0_forward\1682474752.563439.png,0
_0_forward\1682474752.610318.png,0
_0_forward\1682474752.719697.png,0
_0_forward\1682474752.829082.png,0
_0_forward\1682474753.011019.png,0
_0_forward\1682474753.208831.png,0
_0_forward\1682474753.271336.png,0
_0_forward\1682474753.333844.png,0
_0_forward\1682474753.521538.png,0
_0_forward\1682474753.552603.png,0
_0_forward\1682474753.646359.png,0
_0_forward\1682474753.734762.png,0
_0_forward\1682474753.844318.png,0
_0_forward\1682474753.922272.png,0
